#,#,"Country,Other",TotalCases,NewCases,TotalDeaths,NewDeaths,TotalRecovered,NewRecovered,ActiveCases,"Serious,Critical",Tot Cases/1M pop,Deaths/1M pop,TotalTests,Tests/1M pop,population
,,World,125555043,+139080,2758995,+2810,101372045,+85555,21424003,91790,16108,354.0,,,
1,1,USA,30704292,,558422 ,,23132879,,7012991,8623,92367,1680,393863548,1184853,332415597 
2,2,Brazil,12227179,,301087 ,,10689646,,1236446,8318,57228,1409,28600000,133858,213658752 
3,3,India,11787534,+521,160726 ,,11231650,+2059,395158,8944,8481,116,237503882,170883,1389864267 
4,4,Russia,4492692,+9221,96612 ,+393,4109281,+10881,286799,2300,30776,662,118500000,811754,145980114 
5,5,France,4378446,,93180 ,,283507,,4001759,4634,66970,1425,60773434,929559,65378809 
6,6,UK,4312908,,126382 ,,3729155,,457371,711,63290,1855,118204895,1734591,68145669 
7,7,Italy,3440862,,106339 ,,2773215,,561308,3588,56971,1761,47759055,790753,60396918 
8,8,Spain,3241345,,74064  ,,3000670,,166611,1855,69307,1584,41884958,895590,46767990 
9,9,Turkey,3091282,,30462 ,,2881643,,179177,1720,36369,358,36990175,435187,84998318 
10,10,Germany,2709872,,75911 ,,2456200,+10900,177761,3209,32268,904,48979281,583231,83979174 
11,11,Colombia,2353210,,62394 ,,2244522,,46294,1982,45892,1217,12386993,241571,51276879 
12,12,Argentina,2269877,,54946 ,,2049035,,165896,3574,49890,1208,8477597,186332,45497251 
13,13,Mexico,2208755,+5714,199627 ,+579,1748317,+4055,260811,4798,17001,1537,5957631,45857,129916892 
14,14,Poland,2154821,+34151,50860 ,+520,1722856,+15010,381105,2620,56981,1345,11503034,304181,37816353 
15,15,Iran,1823317,,62045 ,,1562709,,198563,3874,21508,732,12349804,145681,84773193 
16,16,Ukraine,1596575,+16669,31135 ,+362,1283020,+6748,282420,177,36668,715,7836049,179967,43541616 
17,17,South Africa,1540009,,52372 ,,1466595,,21042,546,25731,875,9690815,161914,59851438 
18,18,Czechia,1495361,+8763,25450 ,+83,1295205,+297,174706,1874,139448,2373,11490915,1071567,10723467 
19,19,Peru,1492519,,50656 ,,1406304,,35559,2253,44814,1521,8881594,266674,33305026 
20,20,Indonesia,1482559,+6107,40081 ,+98,1317199,+4656,125279,,5379,145,12270150,44518,275624849 
21,21,Netherlands,1220945,,16371 ,,N/A,N/A,N/A,625,71140,954,9747836,567973,17162512 
22,22,Chile,947783,,22402 ,,888826,,36555,2348,49273,1165,10739277,558305,19235515 
23,23,Canada,946370,,22759 ,,886512,,37099,586,24916,599,26858481,707123,37982749 
24,24,Romania,919794,+6651,22719 ,+140,825208,+5409,71867,1348,48047,1187,7122737,372065,19143818 
25,25,Belgium,849090,+6315,22786 ,+23,55928,+236,770376,601,73031,1960,10693594,919771,11626363 
26,26,Israel,830515,+487,6157 ,+3,811452,+444,12906,482,90297,669,13314415,1447598,9197590 
27,27,Portugal,818787,,16805 ,,769838,,32144,155,80471,1652,8892180,873925,10174991 
28,28,Iraq,809092,,14095 ,,727471,,67526,476,19794,345,7750389,189614,40874600 
29,29,Sweden,765984,,13357 ,,N/A,N/A,N/A,281,75503,1317,6627544,653275,10145100 
30,30,Philippines,693048,+8773,13095 ,+56,580062,+574,99891,785,6264,118,9816140,88722,110639355 
31,31,Pakistan,640988,+3946,14028 ,+63,588975,+2747,37985,2587,2862,63,9934373,44351,223995659 
32,32,Hungary,603347,+9637,19224 ,+272,387570,+5763,196553,1467,62572,1994,4403317,456660,9642435 
33,33,Switzerland,588118,,10276 ,,540106,,37736,158,67595,1181,5765946,662702,8700667 
34,34,Bangladesh,580808,,8763 ,,527609,,44436,,3501,53,4487686,27054,165881688 
35,35,Serbia,566669,,5039 ,,477395,,84235,243,65047,578,3313232,380322,8711652 
36,36,Jordan,562857,,6181 ,,456188,,100488,729,54770,601,5617586,546631,10276741 
37,37,Austria,526393,+3124,9178 ,+27,483460,+2863,33755,446,58205,1015,6568554,726304,9043809 
38,38,Morocco,492842,,8786 ,,480607,,3449,270,13238,236,5892612,158284,37228212 
39,39,Japan,459043,,8908 ,,436463,,13672,328,3638,71,9429113,74719,126193621 
40,40,Lebanon,448721,,5903 ,,350694,,92124,991,65958,868,3448772,506941,6803105 
41,41,UAE,448637,+2043,1466 ,+10,431773,+2200,15398,,44966,147,36247630,3633062,9977157 
42,42,Saudi Arabia,386300,,6624 ,,375471,,4205,627,10972,188,14717992,418043,35206861 
43,43,Slovakia,354182,+1654,9313 ,+52,255300,,89569,693,64850,1705,2300975,421303,5461571 
44,44,Panama,352082,,6065 ,,340974,,5043,111,80679,1390,2095216,480114,4363996 
45,45,Malaysia,338168,+1360,1248 ,+2,322416,+1491,14504,157,10352,38,7372592,225690,32666960 
46,46,Bulgaria,317116,,12413 ,,242311,,62392,743,45891,1796,2006166,290321,6910172 
47,47,Ecuador,316807,,16540 ,,271847,,28420,506,17761,927,1111805,62330,17837279 
48,48,Belarus,313852,,2184 ,,304477,,7191,,33222,231,5253173,556065,9447055 
49,49,Georgia,279027,+399,3732 ,+10,271278,+356,4017,,70044,937,3221967,808813,3983576 
50,50,Nepal,276389,,3020 ,,272187,,1182,,9364,102,2248993,76195,29516234 
51,51,Bolivia,267059,+973,12107 ,+14,214988,+1209,39964,71,22654,1027,866360,73492,11788539 
52,52,Croatia,262309,+1673,5838 ,+10,248064,+856,8407,100,64185,1429,1503437,367881,4086752 
53,53,Dominican Republic,250579,,3289 ,,209586,,37704,154,22932,301,1287584,117836,10926958 
54,54,Azerbaijan,249492,,3404 ,,233834,,12254,,24447,334,2799101,274271,10205615 
55,55,Tunisia,247254,,8637 ,,213969,,24648,277,20763,725,1074639,90242,11908465 
56,56,Greece,245405,,7649 ,,209436,,28320,699,23629,736,6254354,602200,10385837 
57,57,Kazakhstan,236200,+1105,2941 ,,213743,+835,19516,221,12471,155,8298090,438130,18939771 
58,58,Ireland,232164,,4628 ,,23364,,204172,75,46639,930,3879162,779285,4977846 
59,59,Palestine,230076,,2501 ,,203340,,24235,206,44356,482,1384569,266928,5187059 
60,60,Denmark,227894,,2405 ,,215770,,9719,46,39244,414,23267463,4006751,5807065 
61,61,Kuwait,223042,,1256 ,,207392,,14394,238,51674,291,1994656,462115,4316367 
62,62,Moldova,219988,,4661 ,,193562,,21765,341,54627,1157,816504,202752,4027116 
63,63,Costa Rica,213438,,2908 ,,190950,,19580,147,41623,567,775821,151293,5127933 
64,64,Lithuania,211804,+769,3521 ,+4,196067,+516,12216,141,78608,1307,2295275,851858,2694433 
65,65,Slovenia,209753,+1164,3998 ,+4,194238,+855,11517,107,100884,1923,1027457,494173,2079146 
66,66,Paraguay,200823,,3869 ,,164401,,32553,413,27907,538,868914,120747,7196139 
67,67,Egypt,197350,,11720 ,,151444,,34186,90,1903,113,2506118,24160,103731274 
68,68,Ethiopia,192575,,2718 ,,150642,,39215,752,1646,23,2301145,19665,117018653 
69,69,Guatemala,190208,,6749 ,,173301,,10158,5,10477,372,1023093,56352,18155455 
70,70,Armenia,187441,+1257,3416  ,+18,169727,+242,14298,,63169,1151,822634,277235,2967281 
71,71,Honduras,184821,+790,4506 ,+17,69935,+477,110380,461,18447,450,499931,49899,10018773 
72,72,Qatar,175332,,278 ,,161488,,13566,224,62445,99,1686747,600735,2807805 
73,73,Nigeria,162178,,2031 ,,148726,,11421,10,773,10,1727467,8233,209826700 
74,74,Bosnia and Herzegovina,158198,,6067 ,,127247,,24884,,48439,1858,758540,232261,3265894 
75,75,Libya,155232,+912,2591 ,+9,142633,+1220,10008,,22371,373,838770,120876,6939080 
76,76,Oman,153838,+733,1650 ,+6,140766,+546,11422,128,29582,317,1550000,298058,5200322 
77,77,Venezuela,153315,,1521 ,,142381,,9413,162,5403,54,3102996,109349,28377088 
78,78,Myanmar,142315,+23,3204 ,,131774,+2,7337,,2603,59,2528779,46251,54675230 
79,79,Bahrain,138283,,507 ,,130397,,7379,49,79288,291,3464973,1986741,1744049 
80,80,Kenya,124707,,2066 ,,90770,,31871,141,2283,38,1434725,26264,54627198 
81,81,Albania,122295,,2171 ,,87193,,32931,46,42530,755,535039,186068,2875503 
82,82,North Macedonia,122227,,3545 ,,102652,,16030,124,58670,1702,599782,287898,2083312 
83,83,Algeria,116438,,3069 ,,81065,,32304,9,2621,69,230553,5190,44424331 
84,84,Estonia,100437,+1429,836 ,+13,71376,+463,28225,69,75677,630,1110888,837025,1327186 
85,85,S. Korea,100276,+430,1709 ,+2,92068,+508,6499,111,1955,33,7485859,145919,51301369 
86,86,Latvia,98870,,1851 ,,89910,,7109,68,52846,989,1792989,958346,1870920 
87,87,Sri Lanka,91018,,552 ,,87630,,2836,,4238,26,2352000,109504,21478652 
88,88,Norway,90104,,656 ,,74332,,15116,47,16527,120,4464591,818879,5452074 
89,89,Ghana,89893,,734 ,,86248,,2911,47,2850,23,975812,30937,31541905 
90,90,Montenegro,88550,,1224 ,,79634,,7692,69,140975,1949,326962,520537,628124 
91,91,Uruguay,87812,,843 ,,71588,,15381,225,25215,242,1264894,363214,3482502 
92,92,Kyrgyzstan,87758,+106,1494 ,+2,84407,+68,1857,16,13292,226,827068,125272,6602182 
93,93,Zambia,86993,,1187 ,,83617,,2189,119,4638,63,1211098,64575,18754924 
94,94,Uzbekistan,81816,+138,624 ,+1,80143,+98,1049,23,2419,18,1377915,40741,33820969 
95,95,Finland,74242,+726,815 ,+4,46000,,27427,59,13384,147,3843882,692966,5546997 
96,96,Cuba,68986,,405 ,,65177,,3404,67,6093,36,2843469,251155,11321570 
97,97,Mozambique,66649,,752 ,,53803,,12094,,2090,24,469425,14722,31886376 
98,98,El Salvador,63766,,1990 ,,61009,,767,35,9795,306,827129,127054,6510037 
99,99,Singapore,60253,+17,30 ,,60078,,145,,10240,5,8307697,1411959,5883807 
100,100,Luxembourg,59907,,728 ,,55842,,3337,17,94586,1149,2330526,3679640,633357 
101,101,Afghanistan,56254,+28,2469 ,+2,49937,+135,3848,1105,1422,62,337560,8532,39561728 
102,102,Cyprus,43286,,248 ,,2057,,40981,47,35663,204,2994813,2467399,1213753 
103,103,Namibia,42864,,502 ,,39976,,2386,30,16651,195,336638,130773,2574219 
104,104,Ivory Coast,41307,,224 ,,37320,,3763,,1538,8,492562,18345,26849670 
105,105,Uganda,40719,,334 ,,15139,,25246,,870,7,922290,19715,46780009 
106,106,Cameroon,40622,,601 ,,35261,,4760,53,1503,22,905000,33490,27022703 
107,107,Senegal,38255,+121,1028 ,+5,35811,+303,1416,38,2242,60,430703,25243,17062110 
108,108,Botswana,37559,,485 ,,32550,,4524,1,15742,203,901776,377950,2385969 
109,109,Zimbabwe,36749,,1516  ,,34476,,757,13,2447,101,370420,24662,15019826 
110,110,Jamaica,36670,,545 ,,16618,,19507,42,12344,183,267792,90148,2970581 
111,111,Malawi,33354,,1105 ,,29253,,2996,31,1712,57,214525,11009,19486504 
112,112,Sudan,29661,,2028 ,,23990,,3643,,665,45,,,44588619 
113,113,Australia,29228,+10,909 ,,26257,+4,2062,,1137,35,15327694,596067,25714728 
114,114,Malta,28510,,377 ,,25857,,2276,,64444,852,792598,1791587,442400 
115,115,Thailand,28443,+97,92 ,,26946,+73,1405,1,407,1,8014926,114617,69927651 
116,116,DRC,27729,+69,726 ,,25355,+69,1648,,303,8,,,91520972 
117,117,Madagascar,23040,+196,369 ,+6,21372,+90,1299,23,817,13,137929,4890,28204522 
118,118,Maldives,22929,,66 ,,20359,,2504,102,41884,121,623614,1139150,547438 
119,119,Angola,21836,,532 ,,20172,,1132,18,650,16,412654,12281,33601788 
120,120,Rwanda,21106,,297 ,,19441,,1368,1,1601,23,1098629,83331,13183921 
121,121,Guinea,19232,+148,113 ,,16190,+58,2929,24,1436,8,171746,12827,13389574 
122,122,Mayotte,19224,,154 ,,2964,,16106,16,69259,555,147985,533151,277567 
123,123,French Polynesia,18598,,141 ,,4842,,13615,2,65929,500,26355,93428,282090 
124,124,Gabon,18426,,109 ,,15863,,2454,33,8140,48,613559,271048,2263656 
125,125,Syria,17896,,1195 ,,11907,,4794,,1005,67,,,17807533 
126,126,Mauritania,17690,,447 ,,16947,,296,14,3734,94,196596,41495,4737793 
127,127,Eswatini,17301,,666 ,,16175,,460,36,14801,570,169393,144918,1168892 
128,128,French Guiana,16922,,89 ,,9995,,6838,6,55616,293,158139,519739,304266 
129,129,Cabo Verde,16661,,163 ,,15889,,609,23,29732,291,125300,223601,560373 
130,130,Réunion,15561,,102 ,,14064,,1395,57,17291,113,98785,109766,899961 
132,132,Haiti,12732,,251 ,,10754,,1727,,1107,22,54379,4727,11503439 
133,133,Burkina Faso,12596,,145 ,,12269,,182,,591,7,,,21316388 
134,134,Belize,12410,,317 ,,12047,,46,,30805,787,95541,237160,402854 
135,135,Andorra,11638,,114 ,,11082,,442,12,150449,1474,193595,2502682,77355 
136,136,Hong Kong,11429,+9,204 ,,10963,,262,10,1516,27,9296529,1232763,7541215 
137,137,Guadeloupe,11298,,165 ,,2242,,8891,8,28233,412,149795,374325,400174 
138,138,Lesotho,10686,,315 ,,4438,,5933,,4960,146,65807,30543,2154601 
139,139,Somalia,10369,,453 ,,4564,,5352,,640,28,,,16212726 
140,140,South Sudan,9969,,107 ,,9002,,860,1,883,9,127025,11252,11289017 
141,141,Guyana,9820,,220 ,,8632,,968,12,12441,279,84486,107037,789316 
142,142,Congo,9681,,135 ,,7514,,2032,,1724,24,92500,16470,5616113 
143,143,Mali,9577,,372 ,,6680,,2525,,463,18,159785,7730,20670941 
144,144,Togo,9340,+193,105 ,,7400,+59,1835,,1109,12,265010,31478,8418839 
145,145,Suriname,9077,,177 ,,8568,,332,2,15373,300,44069,74636,590453 
146,146,Aruba,8985,,82 ,,8336,,567,8,83897,766,120462,1124804,107096 
147,147,Bahamas,8935,,188 ,,7757,,990,3,22565,475,73721,186176,395975 
148,148,Trinidad and Tobago,7903,,141 ,,7575,,187,12,5634,101,108872,77611,1402791 
149,149,Martinique,7710,,49 ,,98,,7563,5,20557,131,118816,316798,375053 
150,150,Benin,7100,,90 ,,5552,,1458,35,575,7,521218,42196,12352199 
151,151,Djibouti,6895,,64 ,,6172,,659,,6906,64,124729,124927,998419 
152,152,Equatorial Guinea,6851,,102 ,,6335,,414,10,4771,71,106588,74220,1436117 
153,153,Nicaragua,6629,,177 ,,4225,,2227,,992,26,,,6681779 
154,154,Curaçao,6424,,27 ,,4952,,1445,38,39032,164,62015,376803,164582 
155,155,Iceland,6144,,29 ,,6040,,75,1,17920,85,527579,1538782,342855 
156,156,Mongolia,5895,+285,5 ,,4044,+97,1846,22,1777,2,2159400,651099,3316547 
157,157,Gambia,5303,,161 ,,4926,,216,3,2151,65,53586,21734,2465585 
158,158,CAR,5088,,64 ,,4957,,67,2,1040,13,38422,7856,4890583 
159,159,Niger,4939,,185 ,,4553,,201,1,199,7,86912,3500,24835440 
160,160,San Marino,4484,,82 ,,3914,,488,9,131948,2413,51114,1504105,33983 
161,161,Chad,4453,,158 ,,4072,,223,,266,9,,,16765361 
162,162,Gibraltar,4271,,94 ,,4160,,17,1,126796,2791,208125,6178750,33684 
163,163,Saint Lucia,4161,,58 ,,3977,,126,2,22585,315,35015,190053,184238 
164,164,Papua New Guinea,4109,,39 ,,846,,3224,,453,4,55411,6109,9069676 
166,166,Sierra Leone,3953,,79 ,,2796,,1078,,488,10,116448,14386,8094302 
167,167,Seychelles,3882,,18 ,,3318,,546,,39295,182,5200,52637,98790 
168,168,Yemen,3703,,800 ,,1577,,1326,23,122,26,17544,579,30300654 
169,169,Comoros,3682,,146 ,,3491,,45,,4170,165,,,882992 
170,170,Guinea-Bissau,3591,,56 ,,2901,,634,16,1794,28,57291,28623,2001587 
171,171,Barbados,3582,,40 ,,3401,,141,,12453,139,137567,478274,287632 
172,172,Eritrea,3183,,8 ,,2962,,213,,889,2,23693,6614,3582027 
173,173,Burundi,2657,,6 ,,773,,1878,,219,0.5,90019,7412,12145730 
174,174,Liechtenstein,2636,,56 ,,2548,,32,,68991,1466,29848,781198,38208 
175,175,Vietnam,2576,,35 ,,2265,,276,,26,0.4,2598753,26525,97975281 
176,176,New Zealand,2476,+6,26 ,,2379,+2,71,,495,5,1867966,373436,5002100 
177,177,Turks and Caicos,2315,,17 ,,2183,,115,2,59212,435,20896,534466,39097 
178,178,Monaco,2210,,28  ,,2040,,142,3,56029,710,51953,1317133,39444 
179,179,Sao Tome and Principe,2174,,34 ,,2015,,125,,9788,153,11592,52192,222105 
180,180,Sint Maarten,2114,,27 ,,2062,,25,1,48902,625,22989,531796,43229 
181,181,Liberia,2042,,85 ,,1899,,58,2,397,17,79684,15492,5143521 
182,182,Cambodia,1872,+55,5 ,,1056,+23,811,,111,0.3,654809,38776,16886814 
183,183,St. Vincent Grenadines,1715,+12,10 ,,1535,+6,170,2,15423,90,40268,362132,111197 
184,184,Saint Martin,1619,,12 ,,1399,,208,7,41360,307,23812,608318,39144 
185,185,Isle of Man,1530,,26 ,,702,,802,12,17924,305,42077,492930,85361 
186,186,Caribbean Netherlands,1192,,10 ,,727,,455,,45152,379,8774,332348,26400 
187,187,Antigua and Barbuda,1100,+20,28 ,,743,+28,329,45,11165,284,16190,164334,98519 
188,188,Taiwan,1012,+3,10 ,,971,+2,31,,42,0.4,459223,19256,23848207 
189,189,Bhutan,870,,1 ,,867,,2,,1119,1,578215,743418,777779 
190,190,Mauritius,850,,10 ,,592,,248,,668,8,289552,227402,1273307 
191,191,Bermuda,840,,12 ,,715,,113,,13524,193,189077,3044228,62110 
192,192,St. Barth,775,,1 ,,462,,312,,78291,101,21651,2187191,9899 
195,195,Tanzania,509,,21 ,,183,,305,7,8,0.3,,,60959861 
196,196,Cayman Islands,482,,2 ,,454,+5,26,,7272,30,80080,1208171,66282 
197,197,Timor-Leste,394,+22, ,,137,+12,257,,295,,37974,28411,1336617 
198,198,Wallis and Futuna,352,+11,3 ,,18,,331,4,31729,270,1331,119975,11094 
199,199,Brunei ,206,,3 ,,188,,15,,468,7,112060,254379,440524 
200,200,Dominica,160,, ,,151,,9,,2219,,12936,179378,72116 
201,201,Grenada,154,,1 ,,151,,2,,1364,9,23330,206638,112903 
202,202,British Virgin Islands,153,,1 ,,131,,21,,5037,33,13223,435296,30377 
203,203,New Caledonia,120,+4, ,,58,,62,,417,,27423,95387,287493 
204,204,Fiji,67,,2 ,,64,,1,,74,2,34782,38596,901171 
206,206,Laos,49,, ,,45,,4,,7,,128483,17476,7352123 
208,208,Saint Kitts and Nevis,44,, ,,42,,2,,823,,10591,198063,53473 
210,210,Vatican City,27,, ,,15,,12,,33666,,,,802 
212,212,Anguilla,22,, ,,20,,2,,1457,,11052,731921,15100 
214,214,Solomon Islands,18,, ,,16,,2,,26,,4500,6437,699041 
215,215,Western Sahara,10,,1 ,,8,,1,,16,2,,,607939 
218,218,Samoa,3,, ,,2,,1,,15,,,,199373 
219,219,Vanuatu,3,, ,,1,,2,,10,,470,1505,312328 
221,221,China,90136,+11,4636 ,,85335,+4,165,,63,3,160000000,111163,1439323776 
,,Total:,125555043,+139080,2758995,+2810,101372045,+85555,21424003,91790,16107.5,354.0,,,
#,#,CountryOther,TotalCases,NewCases,TotalDeaths,NewDeaths,TotalRecovered,NewRecovered,ActiveCases,SeriousCritical,Tot Cases/1M pop,Deaths/1M pop,TotalTests,Tests/,1M pop
,,World,125415963,+583803,2756185,+10505,101286490,+444921,21373288,91598,16090,353.6,,,
1,1,China,90125,+10,4636 ,,85331,+10,158,,63,3,160000000,111163,1439323776 
2,2,USA,30704292,+66538,558422 ,+1405,23132879,+93294,7012991,8623,92367,1680,393863548,1184853,332415597 
3,3,Brazil,12227179,+90564,301087 ,+2244,10689646,+87988,1236446,8318,57228,1409,28600000,133858,213658752 
4,4,India,11787013,+53419,160726 ,+249,11229591,+26575,396696,8944,8481,116,236438861,170117,1389864267 
5,5,Russia,4483471,+8861,96219 ,+401,4098400,+10355,288852,2300,30713,659,118100000,809014,145980114 
6,6,France,4378446,+33389,93180 ,+272,283507,,4001759,4634,66970,1425,60773434,929559,65378809 
7,7,UK,4312908,+5605,126382 ,+98,3729155,+16497,457371,711,63290,1855,118204895,1734591,68145669 
8,8,Italy,3440862,+21267,106339 ,+460,2773215,+20132,561308,3588,56971,1761,47759055,790753,60396918 
9,9,Spain,3241345,+7026,74064 ,+320,3000670,+7822,166611,1855,69307,1584,41884958,895590,46767990 
10,10,Turkey,3091282,+29762,30462 ,+146,2881643,+17761,179177,1720,36369,358,36990175,435187,84998318 
11,11,Germany,2709872,+20667,75911 ,+203,2445300,+11500,188661,3209,32268,904,47578793,566555,83979174 
12,12,Colombia,2353210,+5986,62394 ,+120,2244522,+4586,46294,1982,45892,1217,12386993,241571,51276879 
13,13,Argentina,2269877,+8300,54946 ,+123,2049035,+5078,165896,3574,49890,1208,8477597,186332,45497251 
14,14,Mexico,2203041,+5881,199048 ,+809,1744262,+4008,259731,4798,16957,1532,5931263,45654,129916892 
15,15,Poland,2120670,+29977,50340 ,+575,1707846,+13971,362484,2537,56078,1331,11400455,301469,37816353 
16,16,Iran,1823317,+7605,62045 ,+94,1562709,+6943,198563,3874,21508,732,12349804,145681,84773193 
17,17,Ukraine,1579906,+14174,30773 ,+342,1276272,+7386,272861,177,36285,707,7778231,178639,43541616 
18,18,South Africa,1540009,+1048,52372 ,+121,1466595,+1391,21042,546,25731,875,9690815,161914,59851438 
19,19,Peru,1492519,+11260,50656 ,+182,1406304,+8963,35559,2253,44814,1521,8881594,266674,33305026 
20,20,Czechia,1486598,+10957,25367 ,+174,1294908,+483,166323,1890,138630,2366,11278655,1051773,10723467 
21,21,Indonesia,1476452,+5227,39983 ,+118,1312543,+7622,123926,,5357,145,12270150,44518,275624849 
22,22,Netherlands,1220945,+7579,16371 ,+32,N/A,N/A,N/A,625,71140,954,9747836,567973,17162512 
23,23,Chile,947783,+4825,22402 ,+18,888826,+6054,36555,2348,49273,1165,10739277,558305,19235515 
24,24,Canada,946370,+4050,22759 ,+24,886512,+3237,37099,586,24916,599,26858481,707123,37982749 
25,25,Romania,913143,+6136,22579 ,+137,819799,+5617,70765,1351,47699,1179,7080758,369872,19143818 
26,26,Belgium,842775,+3537,22763 ,+35,55692,+77,764320,589,72488,1958,10605652,912207,11626363 
27,27,Israel,830028,+339,6154 ,+32,811008,+2139,12866,483,90244,669,13269408,1442705,9197590 
28,28,Portugal,818787,+575,16805 ,+11,769838,+752,32144,155,80471,1652,8892180,873925,10174991 
29,29,Iraq,809092,+6051,14095 ,+29,727471,+4185,67526,476,19794,345,7750389,189614,40874600 
30,30,Sweden,765984,,13357 ,+36,N/A,N/A,N/A,281,75503,1317,6627544,653275,10145100 
31,31,Philippines,684275,+6630,13039 ,+47,579488,+1042,91748,785,6185,118,9816140,88722,110639355 
32,32,Pakistan,637042,+3301,13965 ,+30,586228,+957,36849,2564,2844,62,9895515,44177,223995659 
33,33,Hungary,593710,+7587,18952 ,+249,381807,+3631,192951,1423,61573,1965,4367900,452987,9642435 
34,34,Switzerland,588118,+2022,10276 ,+29,540106,+1217,37736,158,67595,1181,5765946,662702,8700667 
35,35,Bangladesh,580808,+3567,8763 ,+25,527609,+1915,44436,,3501,53,4487686,27054,165881688 
36,36,Serbia,566669,+5297,5039 ,+37,477395,+3483,84235,243,65047,578,3313232,380322,8711652 
37,37,Jordan,562857,+9130,6181 ,+104,456188,+8300,100488,729,54770,601,5617586,546631,10276741 
38,38,Austria,523269,+3289,9151  ,+30,480597,+2657,33521,447,57859,1012,6493316,717985,9043809 
39,39,Morocco,492842,+439,8786 ,+11,480607,+507,3449,270,13238,236,5892612,158284,37228212 
40,40,Japan,459043,+1289,8908 ,+47,436463,+1102,13672,328,3638,71,9429113,74719,126193621 
41,41,Lebanon,448721,+3856,5903 ,+53,350694,+1471,92124,991,65958,868,3448772,506941,6803105 
42,42,UAE,446594,+2196,1456 ,+5,429573,+2385,15565,,44762,146,36012066,3609452,9977157 
43,43,Saudi Arabia,386300,+466,6624 ,+6,375471,+306,4205,627,10972,188,14717992,418043,35206861 
44,44,Slovakia,352528,+1977,9261 ,+71,255300,,87967,683,64547,1696,2290864,419451,5461571 
45,45,Panama,352082,+415,6065 ,+5,340974,+481,5043,111,80679,1390,2095216,480114,4363996 
46,46,Malaysia,336808,+1268,1246 ,+2,320925,+1083,14637,161,10310,38,7316059,223959,32666960 
47,47,Bulgaria,317116,+4375,12413 ,+106,242311,+2709,62392,743,45891,1796,2006166,290321,6910172 
48,48,Ecuador,316807,+3237,16540 ,+36,271847,,28420,506,17761,927,1111805,62330,17837279 
49,49,Belarus,313852,+1378,2184 ,+9,304477,+1447,7191,,33222,231,5253173,556065,9447055 
50,50,Georgia,278628,+450,3722 ,+8,270922,+254,3984,,69944,934,3196329,802377,3983576 
51,51,Nepal,276389,+145,3020 ,+1,272187,+90,1182,,9364,102,2248993,76195,29516234 
52,52,Bolivia,266086,+879,12093 ,+19,213779,+1088,40214,71,22572,1026,858336,72811,11788539 
53,53,Croatia,260636,+1891,5828 ,+20,247208,+665,7600,99,63776,1426,1495041,365826,4086752 
54,54,Dominican Republic,250579,+402,3289 ,+6,209586,+2850,37704,154,22932,301,1287584,117836,10926958 
55,55,Azerbaijan,249492,+1185,3404 ,+20,233834,+478,12254,,24447,334,2799101,274271,10205615 
56,56,Tunisia,247254,+747,8637 ,+27,213969,+464,24648,277,20763,725,1074639,90242,11908465 
57,57,Greece,245405,+3058,7649 ,+67,209436,+2306,28320,699,23629,736,6254354,602200,10385837 
58,58,Kazakhstan,235095,+1088,2941 ,,212908,+817,19246,221,12413,155,8298090,438130,18939771 
59,59,Ireland,232164,+680,4628 ,+18,23364,,204172,75,46639,930,3879162,779285,4977846 
60,60,Palestine,230076,+2032,2501 ,+23,203340,+1665,24235,206,44356,482,1384569,266928,5187059 
61,61,Denmark,227894,+863,2405 ,+2,215770,+735,9719,46,39244,414,23267463,4006751,5807065 
62,62,Kuwait,223042,+1299,1256 ,+10,207392,+1212,14394,238,51674,291,1994656,462115,4316367 
63,63,Moldova,219988,+2273,4661 ,+38,193562,+1932,21765,341,54627,1157,816504,202752,4027116 
64,64,Costa Rica,213438,,2908 ,,190950,,19580,147,41623,567,775821,151293,5127933 
65,65,Lithuania,211035,+792,3517 ,+16,195551,+436,11967,140,78323,1305,2286679,848668,2694433 
66,66,Slovenia,208589,+1289,3994 ,+9,193383,+944,11212,99,100324,1921,1021025,491079,2079146 
67,67,Paraguay,200823,+2688,3869 ,+51,164401,+1522,32553,413,27907,538,868914,120747,7196139 
68,68,Egypt,197350,+641,11720 ,+40,151444,+520,34186,90,1903,113,2506118,24160,103731274 
69,69,Ethiopia,192575,+1981,2718 ,+25,150642,+1052,39215,752,1646,23,2301145,19665,117018653 
70,70,Guatemala,190208,+1141,6749  ,+19,173301,+680,10158,5,10477,372,1023093,56352,18155455 
71,71,Armenia,186184,+1164,3398 ,+14,169485,+313,13301,,62746,1145,817406,275473,2967281 
72,72,Honduras,184031,+751,4489 ,+20,69458,+281,110084,461,18369,448,497104,49617,10018773 
73,73,Qatar,175332,+570,278 ,+3,161488,+377,13566,224,62445,99,1686747,600735,2807805 
74,74,Nigeria,162178,+102,2031 ,,148726,+196,11421,10,773,10,1727467,8233,209826700 
75,75,Bosnia and Herzegovina,158198,+1852,6067 ,+62,127247,+1010,24884,,48439,1858,758540,232261,3265894 
76,76,Libya,154320,+909,2582 ,+18,141413,+993,10325,,22239,372,834039,120194,6939080 
77,77,Venezuela,153315,+807,1521 ,+10,142381,+1121,9413,162,5403,54,3102996,109349,28377088 
78,78,Oman,153105,+741,1644 ,+11,140220,+374,11241,116,29441,316,1550000,298058,5200322 
79,79,Myanmar,142292,+28,3204 ,,131772,+7,7316,,2602,59,2526740,46214,54675230 
80,80,Bahrain,138283,+733,507 ,+4,130397,+552,7379,49,79288,291,3464973,1986741,1744049 
81,81,Kenya,124707,+1540,2066 ,+18,90770,+184,31871,141,2283,38,1434725,26264,54627198 
82,82,Albania,122295,+448,2171 ,+15,87193,+696,32931,46,42530,755,535039,186068,2875503 
83,83,North Macedonia,122227,+1345,3545 ,+17,102652,+451,16030,124,58670,1702,599782,287898,2083312 
84,84,Algeria,116438,+89,3069 ,+3,81065,+84,32304,9,2621,69,230553,5190,44424331 
85,85,S. Korea,99846,+425,1707 ,+3,91560,+481,6579,111,1946,33,7441210,145049,51301369 
86,86,Estonia,99008,+1553,823 ,+14,70913,+567,27272,52,74600,620,1103635,831560,1327186 
87,87,Latvia,98870,+776,1851 ,+11,89910,+397,7109,68,52846,989,1792989,958346,1870920 
88,88,Sri Lanka,91018,+253,552 ,,87630,+324,2836,,4238,26,2274509,105896,21478652 
89,89,Norway,90104,+984,656 ,+7,74332,,15116,47,16527,120,4464591,818879,5452074 
90,90,Ghana,89893,,734 ,,86248,,2911,47,2850,23,975812,30937,31541905 
91,91,Montenegro,88550,+434,1224 ,+4,79634,+644,7692,69,140975,1949,326962,520537,628124 
92,92,Uruguay,87812,+1805,843 ,+16,71588,+1216,15381,225,25215,242,1264894,363214,3482502 
93,93,Kyrgyzstan,87652,+115,1492 ,+2,84339,+65,1821,16,13276,226,822901,124641,6602182 
94,94,Zambia,86993,+214,1187 ,+2,83617,+139,2189,119,4638,63,1211098,64575,18754924 
95,95,Uzbekistan,81678,+119,623 ,+1,80045,+96,1010,23,2415,18,1377915,40741,33820969 
96,96,Finland,73516,+803,811 ,+3,46000,,26705,62,13253,146,3831984,690821,5546997 
97,97,Cuba,68986,+736,405 ,+4,65177,+745,3404,67,6093,36,2843469,251155,11321570 
98,98,Mozambique,66649,+153,752 ,+2,53803,+615,12094,,2090,24,469425,14722,31886376 
99,99,El Salvador,63766,+135,1990 ,+4,61009,+95,767,35,9795,306,827129,127054,6510037 
100,100,Singapore,60236,+15,30 ,,60078,+15,128,,10238,5,8307697,1411959,5883807 
101,101,Luxembourg,59907,+245,728 ,+2,55842,+81,3337,17,94586,1149,2330526,3679640,633357 
102,102,Afghanistan,56226,+34,2467 ,+1,49802,+50,3957,1102,1421,62,335925,8491,39561728 
103,103,Cyprus,43286,+293,248 ,+2,2057,,40981,47,35663,204,2994813,2467399,1213753 
104,104,Namibia,42864,+93,502 ,+4,39976,+282,2386,30,16651,195,336638,130773,2574219 
105,105,Ivory Coast,41307,+439,224 ,+2,37320,+376,3763,,1538,8,492562,18345,26849670 
106,106,Uganda,40719,,334 ,,15139,,25246,,870,7,922290,19715,46780009 
107,107,Cameroon,40622,,601 ,,35261,,4760,53,1503,22,905000,33490,27022703 
108,108,Senegal,38134,+178,1023 ,+3,35508,+329,1603,31,2235,60,429132,25151,17062110 
109,109,Botswana,37559,,485 ,,32550,,4524,1,15742,203,901776,377950,2385969 
110,110,Zimbabwe,36749,+32,1516 ,,34476,+29,757,13,2447,101,366902,24428,15019826 
111,111,Jamaica,36670,+439,545 ,+3,16618,+128,19507,42,12344,183,267792,90148,2970581 
112,112,Malawi,33354,+31,1105 ,+6,29253,+133,2996,31,1712,57,214525,11009,19486504 
113,113,Sudan,29661,+119,2028 ,+25,23990,+132,3643,,665,45,,,44588619 
114,114,Australia,29218,+7,909 ,,26253,+3,2056,,1136,35,15287777,594514,25714728 
115,115,Malta,28510,+101,377 ,+2,25857,+302,2276,,64444,852,792598,1791587,442400 
116,116,Thailand,28346,+69,92 ,,26873,+107,1381,1,405,1,8014926,114617,69927651 
117,117,DRC,27660,+80,726 ,,25286,,1648,,302,8,,,91520972 
118,118,Maldives,22929,+139,66 ,,20359,+133,2504,102,41884,121,623614,1139150,547438 
119,119,Madagascar,22844,+162,363 ,+2,21282,+141,1199,23,810,13,137115,4861,28204522 
120,120,Angola,21836,+62,532 ,+2,20172,+73,1132,18,650,16,411165,12236,33601788 
121,121,Rwanda,21106,+131,297 ,+2,19441,+131,1368,1,1601,23,1098629,83331,13183921 
122,122,Mayotte,19224,,154 ,,2964,,16106,16,69259,555,147985,533151,277567 
123,123,Guinea,19084,+139,113 ,,16132,+53,2839,24,1425,8,169784,12680,13389574 
124,124,French Polynesia,18598,+3,141 ,,4842,,13615,2,65929,500,26355,93428,282090 
125,125,Gabon,18426,+348,109 ,+1,15863,+209,2454,33,8140,48,613559,271048,2263656 
126,126,Syria,17896,+153,1195 ,+12,11907,+113,4794,,1005,67,,,17807533 
127,127,Mauritania,17690,+32,447 ,,16947,+9,296,14,3734,94,196596,41495,4737793 
128,128,Eswatini,17301,+5,666 ,+1,16175,+74,460,36,14801,570,169393,144918,1168892 
129,129,French Guiana,16922,+158,89 ,+2,9995,,6838,6,55616,293,158139,519739,304266 
130,130,Cabo Verde,16661,+106,163 ,,15889,+44,609,23,29732,291,125300,223601,560373 
131,131,Réunion,15561,,102 ,,14064,,1395,57,17291,113,98785,109766,899961 
133,133,Haiti,12732,,251 ,,10754,,1727,,1107,22,54379,4727,11503439 
134,134,Burkina Faso,12596,+24,145 ,,12269,+29,182,,591,7,,,21316388 
135,135,Belize,12410,,317 ,+1,12047,,46,,30805,787,95541,237160,402854 
136,136,Andorra,11638,+47,114 ,+1,11082,+32,442,12,150449,1474,193595,2502682,77355 
137,137,Hong Kong,11420,+10,204 ,,10963,+27,253,10,1514,27,9296529,1232763,7541215 
138,138,Guadeloupe,11298,+322,165 ,,2242,,8891,8,28233,412,149795,374325,400174 
139,139,Lesotho,10686,+1,315 ,+1,4438,+48,5933,,4960,146,65807,30543,2154601 
140,140,Somalia,10369,,453 ,,4564,,5352,,640,28,,,16212726 
141,141,South Sudan,9969,+50,107 ,+1,9002,,860,1,883,9,127025,11252,11289017 
142,142,Guyana,9820,+88,220 ,+2,8632,+30,968,12,12441,279,84486,107037,789316 
143,143,Congo,9681,+117,135 ,+1,7514,,2032,,1724,24,92500,16470,5616113 
144,144,Mali,9577,+103,372 ,,6680,+19,2525,,463,18,159785,7730,20670941 
145,145,Togo,9147,,105 ,,7341,,1701,,1086,12,263543,31304,8418839 
146,146,Suriname,9077,+3,177 ,,8568,+4,332,2,15373,300,44069,74636,590453 
147,147,Aruba,8985,+83,82 ,,8336,+26,567,8,83897,766,120462,1124804,107096 
148,148,Bahamas,8935,,188 ,,7757,,990,3,22565,475,73721,186176,395975 
149,149,Trinidad and Tobago,7903,+38,141 ,,7575,+2,187,12,5634,101,108872,77611,1402791 
150,150,Martinique,7710,,49 ,,98,,7563,5,20557,131,118816,316798,375053 
151,151,Benin,7100,+282,90 ,,5552,,1458,35,575,7,521218,42196,12352199 
152,152,Djibouti,6895,+124,64 ,,6172,+26,659,,6906,64,124729,124927,998419 
153,153,Equatorial Guinea,6851,+71,102 ,+1,6335,+91,414,10,4771,71,106588,74220,1436117 
154,154,Nicaragua,6629,,177 ,,4225,,2227,,992,26,,,6681779 
155,155,Curaçao,6424,+250,27 ,+3,4952,+61,1445,38,39032,164,62015,376803,164582 
156,156,Iceland,6144,+22,29 ,,6040,+4,75,1,17920,85,527579,1538782,342855 
157,157,Mongolia,5610,+218,5 ,,3947,+189,1658,22,1692,2,2145944,647042,3316547 
158,158,Gambia,5303,+48,161 ,,4926,+51,216,3,2151,65,53586,21734,2465585 
159,159,CAR,5088,+1,64 ,,4957,+19,67,2,1040,13,38422,7856,4890583 
160,160,Niger,4939,,185 ,,4553,,201,1,199,7,86912,3500,24835440 
161,161,San Marino,4484,+48,82 ,+2,3914,+40,488,9,131948,2413,51114,1504105,33983 
162,162,Chad,4453,+13,158 ,,4072,+13,223,,266,9,,,16765361 
163,163,Gibraltar,4271,,94 ,,4160,+4,17,1,126796,2791,208125,6178750,33684 
164,164,Saint Lucia,4161,+12,58 ,+1,3977,+14,126,2,22585,315,35015,190053,184238 
165,165,Papua New Guinea,4109,+351,39 ,+2,846,,3224,,453,4,55411,6109,9069676 
167,167,Sierra Leone,3953,+4,79 ,,2796,+4,1078,,488,10,116448,14386,8094302 
168,168,Seychelles,3882,+54,18 ,,3318,+113,546,,39295,182,5200,52637,98790 
169,169,Yemen,3703,+91,800 ,+15,1577,+11,1326,23,122,26,17544,579,30300654 
170,170,Comoros,3682,+1,146 ,,3491,+8,45,,4170,165,,,882992 
171,171,Guinea-Bissau,3591,+5,56 ,,2901,+10,634,16,1794,28,57291,28623,2001587 
172,172,Barbados,3582,+8,40 ,,3401,+11,141,,12453,139,137567,478274,287632 
173,173,Eritrea,3183,+20,8 ,,2962,+39,213,,889,2,23693,6614,3582027 
174,174,Burundi,2657,+29,6 ,,773,,1878,,219,0.5,90019,7412,12145730 
175,175,Liechtenstein,2636,+2,56 ,,2548,+6,32,,68991,1466,29848,781198,38208 
176,176,Vietnam,2576,+1,35 ,,2265,+19,276,,26,0.4,2598753,26525,97975281 
177,177,New Zealand,2470,+8,26 ,,2377,+4,67,,494,5,1861752,372194,5002100 
178,178,Turks and Caicos,2315,+8,17 ,,2183,+9,115,2,59212,435,20896,534466,39097 
179,179,Monaco,2210,+11,28 ,+1,2040,+10,142,3,56029,710,51953,1317133,39444 
180,180,Sao Tome and Principe,2174,+15,34 ,,2015,+16,125,,9788,153,11592,52192,222105 
181,181,Sint Maarten,2114,+6,27 ,,2062,+2,25,1,48902,625,22989,531796,43229 
182,182,Liberia,2042,,85 ,,1899,,58,2,397,17,79684,15492,5143521 
183,183,Cambodia,1817,+29,5 ,+1,1033,+34,779,,108,0.3,654809,38776,16886814 
184,184,St. Vincent Grenadines,1703,+3,10 ,,1529,+6,164,2,15315,90,40079,360432,111197 
185,185,Saint Martin,1619,,12 ,,1399,,208,7,41360,307,23812,608318,39144 
186,186,Isle of Man,1530,+14,26 ,,702,,802,12,17924,305,42077,492930,85361 
187,187,Caribbean Netherlands,1192,+73,10 ,,727,+79,455,,45152,379,8774,332348,26400 
188,188,Antigua and Barbuda,1080,,28 ,,715,,337,45,10962,284,16190,164334,98519 
189,189,Taiwan,1009,+2,10 ,,969,,30,,42,0.4,459223,19256,23848207 
190,190,Bhutan,870,+1,1 ,,867,,2,,1119,1,578215,743418,777779 
191,191,Mauritius,850,,10 ,,592,,248,,668,8,289552,227402,1273307 
192,192,Bermuda,840,,12 ,,715,,113,,13524,193,189077,3044228,62110 
193,193,St. Barth,775,,1 ,,462,,312,,78291,101,21651,2187191,9899 
196,196,Tanzania,509,,21 ,,183,,305,7,8,0.3,,,60959861 
197,197,Cayman Islands,482,,2 ,,449,+1,31,,7272,30,80080,1208171,66282 
198,198,Timor-Leste,372,+21, ,,125,+1,247,,278,,37348,27942,1336617 
199,199,Wallis and Futuna,341,+12,3 ,+1,18,,320,4,30737,270,1331,119975,11094 
200,200,Brunei ,206,,3 ,,188,,15,,468,7,112060,254379,440524 
201,201,Dominica,160,+4, ,,151,+10,9,,2219,,12936,179378,72116 
202,202,Grenada,154,,1 ,,151,,2,,1364,9,23330,206638,112903 
203,203,British Virgin Islands,153,,1 ,,131,,21,,5037,33,13223,435296,30377 
204,204,New Caledonia,116,, ,,58,,58,1,403,,26871,93467,287493 
205,205,Fiji,67,,2 ,,64,,1,,74,2,34782,38596,901171 
207,207,Laos,49,, ,,45,,4,,7,,128483,17476,7352123 
208,208,Macao,48,, ,,47,,1,,73,,4369,6663,655757 
209,209,Saint Kitts and Nevis,44,, ,,42,,2,,823,,10591,198063,53473 
211,211,Vatican City,27,, ,,15,,12,,33666,,,,802 
213,213,Anguilla,22,, ,,20,,2,,1457,,11052,731921,15100 
215,215,Solomon Islands,18,, ,,16,,2,,26,,4500,6437,699041 
216,216,Western Sahara,10,,1 ,,8,,1,,16,2,,,607939 
219,219,Samoa,3,, ,,2,,1,,15,,,,199373 
220,220,Vanuatu,3,, ,,1,,2,,10,,470,1505,312328 
,,Total:,125415963,+583803,2756185,+10505,101286490,+444921,21373288,91598,16089.7,353.6,,,
#,#,CountryOther,TotalCases,NewCases,TotalDeaths,NewDeaths,TotalRecovered,NewRecovered,ActiveCases,SeriousCritical,Tot Cases/1M pop,Deaths/1M pop,TotalTests,Tests/,1M pop
,,World,124832160,+506028,2745680,+10427,100841569,+439983,21244911,91270,16015,352.2,,,
1,1,China,90115,+9,4636 ,,85321,+12,158,,63,3,160000000,111163,1439323776 
2,2,USA,30637754,+59588,557017 ,+1070,23039585,+79922,7041152,8589,92167,1676,392236672,1179959,332415597 
3,3,Brazil,12136615,+84996,298843 ,+3158,10601658,+93663,1236114,8318,56804,1399,28600000,133858,213658752 
4,4,India,11733594,+47264,160477 ,+277,11203016,+23957,370101,8944,8442,115,235413233,169379,1389864267 
5,5,Russia,4474610,+8457,95818 ,+427,4088045,+10860,290747,2300,30652,656,117900000,807644,145980114 
6,6,France,4345057,+24882,92908 ,+287,283507,+1622,3968642,4634,66460,1421,60773434,929559,65378809 
7,7,UK,4307303,+5378,126284 ,+112,3712658,+18503,468361,748,63207,1853,117279577,1721013,68145669 
8,8,Italy,3419595,+18744,105879 ,+551,2753083,+20601,560633,3546,56619,1753,47395288,784730,60396918 
9,9,Spain,3234319,+5516,73744 ,+201,2992848,+5374,167727,1880,69157,1577,41884958,895590,46767990 
10,10,Turkey,3061520,+26182,30316 ,+138,2863882,+19201,167322,1710,36019,357,36768437,432578,84998318 
11,11,Germany,2689205,+10943,75708 ,+290,2433800,+10400,179697,3171,32022,902,47578793,566555,83979174 
12,12,Colombia,2347224,+4946,62274 ,+126,2239936,+4593,45014,1982,45775,1214,12343343,240719,51276879 
13,13,Argentina,2261577,+9405,54823 ,+152,2043957,+6271,162797,3591,49708,1205,8433539,185364,45497251 
14,14,Mexico,2197160,+1388,198239 ,+203,1740254,+4095,258667,4798,16912,1526,5902321,45432,129916892 
15,15,Poland,2090693,+17565,49765 ,+400,1693875,+17867,347053,2512,55285,1316,11304601,298934,37816353 
16,16,Iran,1815712,+7290,61951 ,+74,1555766,+6117,197995,3865,21418,731,12221274,144164,84773193 
17,17,Ukraine,1565732,+11476,30431 ,+333,1268886,+8044,266415,177,35959,699,7726035,177440,43541616 
18,18,South Africa,1538961,+510,52251 ,+55,1465204,+1251,21506,546,25713,873,9665664,161494,59851438 
19,19,Peru,1481259,+8469,50474 ,+135,1397341,+8787,33444,2251,44476,1516,8810146,264529,33305026 
20,20,Czechia,1475641,+8241,25193 ,+193,1294425,+549,156023,1953,137609,2349,11051757,1030614,10723467 
21,21,Indonesia,1471225,+5297,39865 ,+154,1304921,+6954,126439,,5338,145,12197872,44255,275624849 
22,22,Netherlands,1213366,+5560,16339 ,+49,N/A,N/A,N/A,623,70699,952,9747836,567973,17162512 
23,23,Chile,942958,+4864,22384 ,+25,882772,+5583,37802,2311,49022,1164,10699507,556237,19235515 
24,24,Canada,942320,+3601,22735 ,+19,883275,+3116,36310,586,24809,599,26778301,705012,37982749 
25,25,Romania,907007,+6149,22442 ,+174,814182,+5428,70383,1367,47379,1172,7040517,367770,19143818 
26,26,Belgium,839238,+2232,22728 ,+21,55615,+75,760895,569,72184,1955,10548631,907303,11626363 
27,27,Israel,829689,+925,6122 ,+13,808869,+1216,14698,505,90207,666,13227965,1438199,9197590 
28,28,Portugal,818212,+434,16794 ,+10,769086,+1212,32332,159,80414,1651,8861015,870862,10174991 
29,29,Iraq,803041,+4494,14066 ,+30,723286,+4125,65689,487,19646,344,7711323,188658,40874600 
30,30,Sweden,765984,+7662,13321 ,,N/A,N/A,N/A,272,75503,1313,6627544,653275,10145100 
31,31,Philippines,677645,+5859,12992 ,+20,578446,+605,86207,785,6125,117,9771681,88320,110639355 
32,32,Pakistan,633741,+3270,13935  ,+72,585271,+1733,34535,2485,2829,62,9857233,44006,223995659 
33,33,Hungary,586123,+5481,18703 ,+252,378176,+4510,189244,1389,60786,1940,4334584,449532,9642435 
34,34,Switzerland,586096,+1844,10247 ,+7,538889,+1218,36960,159,67362,1178,5720475,657475,8700667 
35,35,Bangladesh,577241,+3554,8738 ,+18,525694,+1835,42809,,3480,53,4460184,26888,165881688 
36,36,Serbia,561372,+5475,5002 ,+36,473912,+4039,82458,238,64439,574,3295548,378292,8711652 
37,37,Jordan,553727,+9003,6077 ,+92,447888,+6649,99762,729,53882,591,5569435,541946,10276741 
38,38,Austria,519980,+3415,9121 ,+32,477940,+2713,32919,437,57496,1009,6431566,711157,9043809 
39,39,Morocco,492403,+569,8775 ,+6,480100,+543,3528,268,13227,236,5882109,158001,37228212 
40,40,Japan,457754,+973,8861 ,+26,435361,+1087,13532,320,3627,70,9374845,74289,126193621 
41,41,Lebanon,444865,+3851,5850 ,+42,349223,+1660,89792,990,65391,860,3427774,503854,6803105 
42,42,UAE,444398,+2172,1451 ,+6,427188,+2348,15759,,44542,145,35785791,3586772,9977157 
43,43,Saudi Arabia,385834,+410,6618 ,+5,375165,+366,4051,617,10959,188,14717992,418043,35206861 
44,44,Panama,351667,+454,6060 ,+8,340493,+532,5114,111,80584,1389,2085617,477915,4363996 
45,45,Slovakia,350551,+1281,9190 ,+86,255300,,86061,696,64185,1683,2279486,417368,5461571 
46,46,Malaysia,335540,+1384,1244 ,+6,319842,+1058,14454,148,10272,38,7264738,222388,32666960 
47,47,Ecuador,313570,+719,16504 ,+26,271847,,25219,519,17579,925,1104992,61948,17837279 
48,48,Bulgaria,312741,+4851,12307 ,+119,239602,+2571,60832,729,45258,1781,1989047,287843,6910172 
49,49,Belarus,312474,+1046,2175 ,+9,303030,+862,7269,,33076,230,5234666,554106,9447055 
50,50,Georgia,278178,+528,3714 ,+4,270668,+299,3796,,69831,932,3173036,796530,3983576 
51,51,Nepal,276244,+188,3019 ,,272097,+77,1128,,9359,102,2245030,76061,29516234 
52,52,Bolivia,265207,+573,12074 ,+14,212691,+585,40442,71,22497,1024,849750,72083,11788539 
53,53,Croatia,258745,+956,5808 ,+22,246543,+820,6394,92,63313,1421,1485714,363544,4086752 
54,54,Dominican Republic,250177,+401,3283 ,+8,206736,+443,40158,157,22895,300,1284835,117584,10926958 
55,55,Azerbaijan,248307,+1333,3384 ,+18,233356,+269,11567,,24330,332,2790980,273475,10205615 
56,56,Tunisia,246507,+584,8610 ,+41,213505,+399,24392,265,20700,723,1070249,89873,11908465 
57,57,Greece,242347,+3517,7582 ,+51,207130,+2570,27635,699,23334,730,6198512,596824,10385837 
58,58,Kazakhstan,234007,+1101,2941 ,+7,212091,+337,18975,221,12355,155,8298090,438130,18939771 
59,59,Ireland,231484,+365,4610 ,+22,23364,,203510,76,46503,926,3859183,775272,4977846 
60,60,Palestine,228044,+2068,2478 ,+20,201675,+1710,23891,205,43964,478,1374587,265003,5187059 
61,61,Denmark,227031,+754,2403 ,+1,215035,+746,9593,46,39096,414,22955322,3952999,5807065 
62,62,Kuwait,221743,+1288,1246 ,+13,206180,+1202,14317,238,51373,289,1985656,460029,4316367 
63,63,Moldova,217715,+1621,4623 ,+33,191630,+1755,21462,344,54062,1148,810434,201244,4027116 
64,64,Costa Rica,213438,+1535,2908 ,+12,190950,+714,19580,147,41623,567,775821,151293,5127933 
65,65,Lithuania,210243,+896,3501 ,+12,195115,+770,11627,144,78029,1299,2278220,845529,2694433 
66,66,Slovenia,207300,+983,3985 ,+9,192439,+733,10876,97,99704,1917,1014046,487722,2079146 
67,67,Paraguay,198135,+2023,3818 ,+49,162879,+1560,31438,424,27534,531,862540,119861,7196139 
68,68,Egypt,196709,+648,11680 ,+43,150924,+500,34105,90,1896,113,2506118,24160,103731274 
69,69,Ethiopia,190594,+1692,2693 ,+19,149590,+1019,38311,693,1629,23,2293486,19599,117018653 
70,70,Guatemala,189067,+948,6730 ,+20,172621,+748,9716,5,10414,371,1017017,56017,18155455 
71,71,Armenia,185020,+801,3384 ,+24,169172,+451,12464,,62353,1140,812076,273677,2967281 
72,72,Honduras,183280,+871,4469 ,+26,69177,+72,109634,461,18294,446,494504,49358,10018773 
73,73,Qatar,174762,+534,275 ,+1,161111,+349,13376,207,62242,98,1679713,598230,2807805 
74,74,Nigeria,162076,+208,2031 ,+1,148530,+405,11515,10,772,10,1727467,8233,209826700 
75,75,Bosnia and Herzegovina,156346,+1719,6005 ,+67,126237,+894,24104,,47872,1839,753263,230645,3265894 
76,76,Libya,153411,+901,2564 ,+51,140420,+1059,10427,,22108,370,828207,119354,6939080 
77,77,Venezuela,152508,+614,1511 ,+9,141260,,9737,162,5374,53,3044649,107293,28377088 
78,78,Oman,152364,+836,1633 ,+4,139846,+404,10885,105,29299,314,1550000,298058,5200322 
79,79,Myanmar,142264,+18,3204 ,,131765,+2,7295,,2602,59,2524770,46178,54675230 
80,80,Bahrain,137550,+809,503 ,+1,129845,+603,7202,52,78868,288,3446516,1976158,1744049 
81,81,Kenya,123167,+1127,2048 ,+25,90586,+210,30533,135,2255,37,1425377,26093,54627198 
82,82,Albania,121847,+303,2156 ,+11,86497,+651,33194,46,42374,750,532564,185207,2875503 
83,83,North Macedonia,120882,+1054,3528 ,+25,102201,+727,15153,124,58024,1693,595686,285932,2083312 
84,84,Algeria,116349,+94,3066 ,+5,80981,+94,32302,9,2619,69,230553,5190,44424331 
85,85,S. Korea,99421,+346,1704 ,+7,91079,+468,6638,101,1938,33,7400990,144265,51301369 
86,86,Latvia,98094,+508,1840 ,+12,89513,+397,6741,68,52431,983,1776090,949314,1870920 
87,87,Estonia,97455,+1063,809 ,+12,70346,+2097,26300,68,73430,610,1096377,826091,1327186 
88,88,Sri Lanka,90765,+251,552 ,+1,87306,+248,2907,,4226,26,2274509,105896,21478652 
89,89,Ghana,89893,+211,734 ,+9,86248,+487,2911,47,2850,23,975812,30937,31541905 
90,90,Norway,89120,+1085,649 ,,74332,,14139,48,16346,119,4404672,807889,5452074 
91,91,Montenegro,88116,+478,1220 ,+12,78990,+639,7906,69,140284,1942,325046,517487,628124 
92,92,Kyrgyzstan,87537,+75,1490 ,,84274,+51,1773,16,13259,226,817576,123834,6602182 
93,93,Zambia,86779,+244,1185 ,+3,83478,+159,2116,116,4627,63,1206254,64317,18754924 
94,94,Uruguay,86007,+1777,827 ,+16,70372,+1389,14808,202,24697,237,1254856,360332,3482502 
95,95,Uzbekistan,81559,+113,622 ,,79949,+65,988,23,2411,18,1377915,40741,33820969 
96,96,Finland,72713,+640,808 ,,46000,,25905,55,13109,146,3813131,687423,5546997 
97,97,Cuba,68250,+774,401 ,+4,64432,+793,3417,65,6028,35,2825292,249549,11321570 
98,98,Mozambique,66496,+190,750 ,+3,53188,+306,12558,,2085,24,467993,14677,31886376 
99,99,El Salvador,63631,+141,1986 ,+3,60914,+233,731,35,9774,305,819582,125895,6510037 
100,100,Singapore,60221,+13,30 ,,60063,+12,128,,10235,5,8307697,1411959,5883807 
101,101,Luxembourg,59662,+165,726 ,+7,55761,+52,3175,21,94200,1146,2324079,3669461,633357 
102,102,Afghanistan,56192,+15,2466 ,,49752,+9,3974,1102,1420,62,334110,8445,39561728 
103,103,Cyprus,42993,+365,246 ,+1,2057,,40690,50,35422,203,2957327,2436515,1213753 
104,104,Namibia,42771,+118,498 ,+4,39694,+190,2579,30,16615,193,335566,130356,2574219 
105,105,Ivory Coast,40868,+267,222 ,,36944,+442,3702,,1522,8,488648,18199,26849670 
106,106,Uganda,40719,+32,334 ,,15139,+6,25246,,870,7,922290,19715,46780009 
107,107,Cameroon,40622,,601 ,,35261,,4760,53,1503,22,905000,33490,27022703 
108,108,Senegal,37956,+34,1020 ,+4,35179,+287,1757,34,2225,60,427226,25039,17062110 
109,109,Botswana,37559,,485 ,,32550,,4524,1,15742,203,901776,377950,2385969 
110,110,Zimbabwe,36717,+33,1516 ,+2,34447,+132,754,13,2445,101,366902,24428,15019826 
111,111,Jamaica,36231,+335,542 ,+6,16490,+181,19199,40,12197,182,265742,89458,2970581 
112,112,Malawi,33323,+53,1099 ,+1,29120,+173,3104,34,1710,56,214071,10986,19486504 
113,113,Sudan,29542,+123,2003 ,+17,23858,+133,3681,,663,45,,,44588619 
114,114,Australia,29211,+6,909 ,,26250,+7,2052,,1136,35,15241444,592713,25714728 
115,115,Malta,28409,+90,375 ,+2,25555,+212,2479,,64216,848,789809,1785283,442400 
116,116,Thailand,28277,+401,92 ,+1,26766,+103,1419,1,404,1,8014926,114617,69927651 
117,117,DRC,27580,+8,726 ,,25286,+394,1568,,301,8,,,91520972 
118,118,Maldives,22790,+128,66 ,,20226,+84,2498,102,41630,121,617715,1128374,547438 
119,119,Madagascar,22682,+66,361 ,+6,21141,+79,1180,23,804,13,136115,4826,28204522 
120,120,Angola,21774,+17,530 ,,20099,+9,1145,18,648,16,411165,12236,33601788 
121,121,Rwanda,20975,+79,295 ,+3,19310,+96,1370,1,1591,22,1095173,83069,13183921 
122,122,Mayotte,19224,+218,154 ,,2964,,16106,16,69259,555,147985,533151,277567 
123,123,Guinea,18945,,113 ,,16079,,2753,24,1415,8,167259,12492,13389574 
124,124,French Polynesia,18595,+8,141 ,,4842,,13612,3,65919,500,26355,93428,282090 
125,125,Gabon,18078,,108 ,,15654,,2316,33,7986,48,604841,267197,2263656 
126,126,Syria,17743,+160,1183 ,+8,11794,+101,4766,,996,66,,,17807533 
127,127,Mauritania,17658,+28,447 ,,16938,+20,273,14,3727,94,195184,41197,4737793 
128,128,Eswatini,17296,+6,665 ,,16101,+34,530,36,14797,569,157475,134722,1168892 
129,129,French Guiana,16764,,87 ,,9995,,6682,6,55097,286,153467,504384,304266 
130,130,Cabo Verde,16555,+38,163 ,+3,15845,+41,547,23,29543,291,125300,223601,560373 
131,131,Réunion,15561,+930,102 ,+15,14064,+955,1395,57,17291,113,98785,109766,899961 
133,133,Haiti,12732,+10,251 ,,10754,+87,1727,,1107,22,54379,4727,11503439 
134,134,Burkina Faso,12572,+13,145 ,,12240,+63,187,,590,7,,,21316388 
135,135,Belize,12410,+3,316 ,,12047,+16,47,,30805,784,95000,235817,402854 
136,136,Andorra,11591,+46,113 ,,11050,+36,428,12,149842,1461,193595,2502682,77355 
137,137,Hong Kong,11410,+12,204 ,+1,10936,+35,270,10,1513,27,9296529,1232763,7541215 
138,138,Guadeloupe,10976,,165 ,,2242,,8569,8,27428,412,145313,363125,400174 
139,139,Lesotho,10685,+147,314 ,+5,4390,+468,5981,,4959,146,65626,30459,2154601 
140,140,Somalia,10369,+155,453 ,+12,4564,+32,5352,,640,28,,,16212726 
141,141,South Sudan,9919,+29,106 ,,9002,+223,811,1,879,9,125721,11137,11289017 
142,142,Guyana,9732,+64,218  ,+2,8602,+80,912,11,12330,276,83368,105621,789316 
143,143,Congo,9564,,134 ,,7514,,1916,,1703,24,92500,16470,5616113 
144,144,Mali,9474,+94,372 ,+1,6661,+17,2441,,458,18,159785,7730,20670941 
145,145,Togo,9147,+187,105 ,+1,7341,+99,1701,,1086,12,263543,31304,8418839 
146,146,Suriname,9074,+7,177 ,,8564,+4,333,2,15368,300,43939,74416,590453 
147,147,Bahamas,8935,+12,188 ,,7757,+23,990,3,22565,475,73721,186176,395975 
148,148,Aruba,8902,+102,82 ,,8310,+18,510,8,83122,766,119810,1118716,107096 
149,149,Trinidad and Tobago,7865,+4,141 ,+1,7573,+2,151,2,5607,101,108872,77611,1402791 
150,150,Martinique,7710,+401,49 ,+2,98,,7563,5,20557,131,118816,316798,375053 
151,151,Benin,6818,,90 ,,5552,,1176,35,552,7,521218,42196,12352199 
152,152,Equatorial Guinea,6780,,101 ,,6244,,435,10,4721,70,106588,74220,1436117 
153,153,Djibouti,6771,+113,64 ,,6146,+33,561,,6782,64,124026,124222,998419 
154,154,Nicaragua,6629,+47,177 ,+1,4225,,2227,,992,26,,,6681779 
155,155,Curaçao,6174,+133,24 ,,4891,+34,1259,9,37513,146,60949,370326,164582 
156,156,Iceland,6122,+3,29 ,,6036,+1,57,1,17856,85,525321,1532196,342855 
157,157,Mongolia,5392,+206,5 ,,3758,+152,1629,18,1626,2,2133339,643241,3316547 
158,158,Gambia,5255,,161 ,,4875,,219,3,2131,65,52941,21472,2465585 
159,159,CAR,5087,,64 ,,4938,,85,2,1040,13,38422,7856,4890583 
160,160,Niger,4939,+11,185 ,,4553,+12,201,1,199,7,86912,3500,24835440 
161,161,Chad,4440,+13,158 ,+1,4059,+14,223,,265,9,,,16765361 
162,162,San Marino,4436,+46,80 ,+1,3874,+55,482,11,130536,2354,50626,1489745,33983 
163,163,Gibraltar,4271,+1,94 ,,4156,+8,21,1,126796,2791,207124,6149032,33684 
164,164,Saint Lucia,4149,+17,57 ,+2,3963,+13,129,2,22520,309,34927,189575,184238 
166,166,Sierra Leone,3949,+1,79 ,,2792,+2,1078,,488,10,116448,14386,8094302 
167,167,Seychelles,3828,+30,18 ,+2,3205,+48,605,,38749,182,5200,52637,98790 
168,168,Papua New Guinea,3758,+184,37 ,+1,846,,2875,,414,4,55411,6109,9069676 
169,169,Comoros,3681,+15,146 ,,3483,+10,52,,4169,165,,,882992 
170,170,Yemen,3612,+96,785 ,+14,1566,+20,1261,23,119,26,17544,579,30300654 
171,171,Guinea-Bissau,3586,+18,56 ,+1,2891,+21,639,16,1792,28,57210,28582,2001587 
172,172,Barbados,3574,+15,40 ,,3390,+32,144,,12426,139,137126,476741,287632 
173,173,Eritrea,3163,+45,8 ,+1,2923,+58,232,,883,2,23693,6614,3582027 
174,174,Liechtenstein,2634,+2,56 ,,2542,+6,36,,68938,1466,29848,781198,38208 
175,175,Burundi,2628,+10,6 ,,773,,1849,,216,0.5,90019,7412,12145730 
176,176,Vietnam,2575,,35 ,,2246,+13,294,,26,0.4,2598753,26525,97975281 
177,177,New Zealand,2462,,26 ,,2373,,63,,492,5,1852557,370356,5002100 
178,178,Turks and Caicos,2307,+13,17 ,,2174,+47,116,2,59007,435,20896,534466,39097 
179,179,Monaco,2199,+17,27 ,,2030,+10,142,4,55750,685,51953,1317133,39444 
180,180,Sao Tome and Principe,2159,+2,34 ,,1999,+11,126,,9721,153,11592,52192,222105 
181,181,Sint Maarten,2108,+4,27 ,,2060,+2,21,1,48764,625,22989,531796,43229 
182,182,Liberia,2042,,85 ,,1899,,58,2,397,17,79684,15492,5143521 
183,183,Cambodia,1788,+35,4 ,+1,999,+32,785,,106,0.2,640904,37953,16886814 
184,184,St. Vincent Grenadines,1700,,10 ,,1523,,167,2,15288,90,39546,355639,111197 
185,185,Saint Martin,1619,,12 ,,1399,,208,7,41360,307,23812,608318,39144 
186,186,Isle of Man,1516,+13,26 ,,702,+105,788,12,17760,305,42077,492930,85361 
187,187,Caribbean Netherlands,1119,+1,10 ,+1,648,+29,461,,42386,379,8599,325720,26400 
188,188,Antigua and Barbuda,1080,+8,28 ,,715,+14,337,45,10962,284,16190,164334,98519 
189,189,Taiwan,1007,+1,10 ,,969,+6,28,,42,0.4,459223,19256,23848207 
190,190,Bhutan,869,,1 ,,867,,1,,1117,1,578215,743418,777779 
191,191,Mauritius,850,+3,10 ,,592,,248,,668,8,289552,227402,1273307 
192,192,Bermuda,840,+10,12 ,,715,+3,113,,13524,193,189077,3044228,62110 
193,193,St. Barth,775,,1 ,,462,,312,,78291,101,21651,2187191,9899 
196,196,Tanzania,509,,21 ,,183,,305,7,8,0.3,,,60959861 
197,197,Cayman Islands,482,,2 ,,448,,32,,7272,30,79727,1202845,66282 
198,198,Timor-Leste,351,+16, ,,124,,227,,263,,36580,27368,1336617 
199,199,Wallis and Futuna,329,+11,2 ,+1,18,+5,309,4,29656,180,1331,119975,11094 
200,200,Brunei ,206,,3 ,,188,,15,,468,7,112060,254379,440524 
201,201,Dominica,156,, ,,141,,15,,2163,,12325,170905,72116 
202,202,Grenada,154,,1 ,,151,,2,,1364,9,23330,206638,112903 
203,203,British Virgin Islands,153,,1 ,,131,,21,,5037,33,13223,435296,30377 
204,204,New Caledonia,116,, ,,58,,58,2,403,,26871,93467,287493 
205,205,Fiji,67,,2 ,,64,,1,,74,2,34782,38596,901171 
207,207,Laos,49,, ,,45,,4,,7,,127582,17353,7352123 
208,208,Macao,48,, ,,47,,1,,73,,4369,6663,655757 
209,209,Saint Kitts and Nevis,44,, ,,42,,2,,823,,10591,198063,53473 
211,211,Vatican City,27,, ,,15,,12,,33666,,,,802 
213,213,Anguilla,22,, ,,20,,2,,1457,,11052,731921,15100 
215,215,Solomon Islands,18,, ,,16,,2,,26,,4500,6437,699041 
216,216,Western Sahara,10,,1 ,,8,,1,,16,2,,,607939 
219,219,Samoa,3,, ,,2,,1,,15,,,,199373 
220,220,Vanuatu,3,, ,,1,,2,,10,,470,1505,312328 
,,Total:,124832160,+506028,2745680,+10427,100841569,+439983,21244911,91270,16014.8,352.2,,,
